item,verdict,key_result,paper_implication
H1 encoder,partial_or_intermediate,"PL not superior; PL-PB=-0.0076, PL-BL=-0.0211",No global larger-biomedical-model advantage.
H2 corpus,confirmed,"Δ=0.139, CI=[0.108,0.166], d=2.038",Strong support for multi-corpus T1 training for OOD BC5CDR.
H3 staged schedule,partial,3/6 tests confirmed,"T2 staging helps PB and some BL/PL endpoints, but not uniformly."
H4 update regime,empirically_undefined_lora_collapsed,LoRA comparator collapsed in B.8/B.9/B.24,"Report methodological null, not FT>LoRA confirmation."
H5 architecture,deferred,shared_multitask deferred,"Transparent gap, no result claim."
H7 R_B,null_no_asymmetry,"R_B=0.214, CI=[0.028,0.990]",Original variance-asymmetry direction not confirmed.
H6 β_config,inconclusive,"β=-3.012, CI=[-13.001,4.535]",Use inconclusive abstract framing.
Ordinal instability,large_point_estimate_wide_ci,"median ΔKB=0.160, inversion rate=0.500","Important RQ4 signal, but report with wide-CI caution."
RQ3 encoder×metric,weak_interaction,partial SS share=0.0025,"Audit formulation changes scale, not encoder ranking; schedule dominates."
