run_id,encoder,update,schedule,seed,biored_macro_f1,biored_macro_f1_ex_neg,biored_active_head_macro,bc5cdr_drug_disease_f1,kb_hit_A_setvalued,kb_pmass_B_setvalued,kb_auc_C_setvalued,kb_n_evaluable
PB_BL_FT_T1B_s01,BL,FT,T1B,1,0.45972748443071265,0.40400263245513557,0.5656036854371898,0.7144090170593014,0.6111111111111112,0.478176784710628,0.8041660628136352,162
PB_BL_FT_T1B_s02,BL,FT,T1B,2,0.4574195213821183,0.40411646319756267,0.5657630484765878,0.614408585972567,0.3888888888888889,0.31746845677520874,0.7164373304883187,162
PB_BL_FT_T1B_s03,BL,FT,T1B,3,0.4041282399965942,0.343702191047577,0.48118306746660783,0.6477413330220614,0.35802469135802467,0.2586185744148679,0.6261368257865504,162
PB_BL_FT_T1B_s04,BL,FT,T1B,4,0.46004953094475676,0.4060671492641486,0.568494008969808,0.690692651564619,0.345679012345679,0.3161745967313268,0.48727651745990097,162
PB_BL_FT_T1B_s05,BL,FT,T1B,5,0.43454510905530075,0.37630462971756146,0.526826481604586,0.7432802458787371,0.16049382716049382,0.12473497560814047,0.4192404376539113,162
PB_BL_FT_T1B_s06,BL,FT,T1B,6,0.47086701082716653,0.417114187750823,0.5839598628511522,0.6990266523976966,0.35802469135802467,0.264576540698648,0.6413241696760379,162
PB_BL_FT_T1B_s07,BL,FT,T1B,7,0.43047171085034164,0.3710093071333848,0.5194130299867388,0.6805282796543598,0.2839506172839506,0.2062347341461084,0.6298669532126384,162
PB_BL_FT_T1B_s08,BL,FT,T1B,8,0.4647229397657729,0.4112218473667387,0.5757105863134342,0.7419474268789338,0.46296296296296297,0.4306148832195358,0.5460211305366185,162
PB_BL_FT_T1B_s09,BL,FT,T1B,9,0.45747282429687763,0.402086589112398,0.5629212247573572,0.6268149742853726,0.32098765432098764,0.22461062852461408,0.6555310098593503,162
PB_BL_FT_T1B_s10,BL,FT,T1B,10,0.41623313941388596,0.35704357183141083,0.49986100056397514,0.6729396790763217,0.05555555555555555,0.11633749313531788,0.18911812040044798,162
PB_BL_FT_T1B_s11,BL,FT,T1B,11,0.45428184928155474,0.39961695771812483,0.5594637408053748,0.7384935520083236,0.3888888888888889,0.3873298548670043,0.6286148366499342,162
PB_BL_FT_T1B_s12,BL,FT,T1B,12,0.4549396145054748,0.4022005418213329,0.5630807585498662,0.6470500564225946,0.2345679012345679,0.1933139478299123,0.3713220811194142,162
PB_BL_FT_T1B_s13,BL,FT,T1B,13,0.4487213181712414,0.3946598614597737,0.5525238060436832,0.6793344849531776,0.4506172839506173,0.4165765199210943,0.5552953043335179,162
PB_BL_FT_T1B_s14,BL,FT,T1B,14,0.4267305504370671,0.3705665165168213,0.5187931231235497,0.6707733174563191,0.32098765432098764,0.20319447088138673,0.674850441319189,162
PB_BL_FT_T1B_s15,BL,FT,T1B,15,0.41805017384533527,0.3583577078378923,0.5017007909730492,0.6539237392373923,0.1111111111111111,0.16225072031087576,0.2530388248431742,162
PB_BL_FT_T1B_s16,BL,FT,T1B,16,0.4373775643925404,0.38151442697129934,0.5341201977598191,0.6239293241849411,0.1728395061728395,0.14269603240407175,0.40095936823975026,162
PB_BL_FT_T1B_s17,BL,FT,T1B,17,0.421612697190553,0.36380405346969574,0.509325674857574,0.643946828441431,0.38271604938271603,0.30097378013701537,0.6311279010530446,162
PB_BL_FT_T1B_s18,BL,FT,T1B,18,0.4413061244154485,0.3846360410168022,0.5384904574235231,0.7107420968490537,0.345679012345679,0.2594653496883068,0.6518953475919583,162
PB_BL_FT_T1B_s19,BL,FT,T1B,19,0.4392553951995558,0.38173683694304605,0.5344315717202646,0.7407079646017699,0.13580246913580246,0.1503972457923041,0.38459996660309104,162
PB_BL_FT_T1B_s20,BL,FT,T1B,20,0.4551169625308239,0.40029811134046883,0.5604173558766563,0.6984695782008212,0.30864197530864196,0.22510181823213596,0.5776412560348123,162
PB_BL_FT_T1F_s01,BL,FT,T1F,1,0.4391372315400558,0.3824466141731336,0.535425259842387,0.859925613061842,0.8271604938271605,0.6111711067539916,0.8477807117029378,162
PB_BL_FT_T1F_s02,BL,FT,T1F,2,0.4201518323286276,0.3611312891653117,0.5055838048314364,0.8144704158970766,0.7901234567901234,0.4864528396096437,0.8673454240140193,162
PB_BL_FT_T1F_s03,BL,FT,T1F,3,0.41457569358415175,0.3552036240704334,0.49728507369860675,0.8508633304067896,0.7098765432098766,0.5266622431119214,0.8642512643050266,162
PB_BL_FT_T1F_s04,BL,FT,T1F,4,0.3750692301998354,0.3110845327263331,0.4355183458168663,0.8048994974874372,0.6358024691358025,0.46852987933182444,0.7970944240900861,162
PB_BL_FT_T1F_s05,BL,FT,T1F,5,0.43466730304741563,0.37775370970187244,0.5288551935826215,0.8617031444136481,0.6172839506172839,0.4822321175396396,0.7969563377922746,162
PB_BL_FT_T1F_s06,BL,FT,T1F,6,0.3914349012616322,0.32838759372686654,0.4597426312176131,0.8322482165664621,0.8024691358024691,0.5361679254730669,0.8674809534944339,162
PB_BL_FT_T1F_s07,BL,FT,T1F,7,0.42702959248786876,0.36911352459525215,0.516758934433353,0.8118433619866284,0.5123456790123457,0.4289155221633314,0.815301379160632,162
PB_BL_FT_T1F_s08,BL,FT,T1F,8,0.40058475453299924,0.3401755457395344,0.4762457640353482,0.8710020691693763,0.6481481481481481,0.4714628442817218,0.9057176016157373,162
PB_BL_FT_T1F_s09,BL,FT,T1F,9,0.4288348633708293,0.37038466242053586,0.5185385273887502,0.8621063406997049,0.6481481481481481,0.48770428025005613,0.802925518452756,162
PB_BL_FT_T1F_s10,BL,FT,T1F,10,0.3600731961027276,0.2930702020609231,0.41029828288529224,0.8015862436683551,0.48148148148148145,0.39795597364269425,0.7689834659257708,162
PB_BL_FT_T1F_s11,BL,FT,T1F,11,0.41958017629152755,0.36303516542427505,0.508249231593985,0.8052411088332293,0.7592592592592593,0.5336020262840054,0.8879649336806581,162
PB_BL_FT_T1F_s12,BL,FT,T1F,12,0.41687444638184146,0.35683563974135707,0.4995698956378999,0.8589421436326974,0.6049382716049383,0.5097102532824387,0.8959133337920149,162
PB_BL_FT_T1F_s13,BL,FT,T1F,13,0.35654707325762014,0.29039477866547886,0.4065526901316704,0.8106032906764168,0.5555555555555556,0.4207577205990315,0.8296667843550501,162
PB_BL_FT_T1F_s14,BL,FT,T1F,14,0.4142496036347573,0.3543912583273994,0.4961477616583591,0.8891292274414662,0.6358024691358025,0.47931429004673215,0.8888326726120751,162
PB_BL_FT_T1F_s15,BL,FT,T1F,15,0.3835205330969444,0.32006496679555013,0.44809095351377026,0.8454961106822635,0.8827160493827161,0.5835079793160045,0.9813055272928669,162
PB_BL_FT_T1F_s16,BL,FT,T1F,16,0.4368672625830527,0.382308832556384,0.5352323655789376,0.8555138526774203,0.7962962962962963,0.5281279826390177,0.9641896068122828,162
PB_BL_FT_T1F_s17,BL,FT,T1F,17,0.4085992120860811,0.34778759691271927,0.486902635677807,0.8311025296985961,0.8703703703703703,0.5735945055163523,0.9286688134066037,162
PB_BL_FT_T1F_s18,BL,FT,T1F,18,0.43039712393903057,0.37289950810423367,0.5220593113459272,0.8308723240230089,0.7530864197530864,0.5374793494745433,0.8557366723597142,162
PB_BL_FT_T1F_s19,BL,FT,T1F,19,0.40116490503784663,0.3390160491072927,0.47462246875020975,0.8271223001163682,0.8271604938271605,0.5966873376006491,0.899787817723805,162
PB_BL_FT_T1F_s20,BL,FT,T1F,20,0.32196097829253256,0.25032648691117954,0.35045708167565137,0.864812317727116,0.4382716049382716,0.41450769817787164,0.7758887934799213,162
PB_BL_FT_T2_s01,BL,FT,T2,1,0.4471538127232058,0.39238606957555744,0.5493404974057804,0.8303288399346803,0.8395061728395061,0.6504362248344007,0.893698212745997,162
PB_BL_FT_T2_s02,BL,FT,T2,2,0.3894923732650444,0.326576299688758,0.4572068195642612,0.7972574562907097,0.7345679012345679,0.5670081812249357,0.9120068805789682,162
PB_BL_FT_T2_s03,BL,FT,T2,3,0.41641230039069643,0.3558733779456854,0.4982227291239596,0.8239306358381503,0.8209876543209876,0.6181467519124487,0.921554885900988,162
PB_BL_FT_T2_s04,BL,FT,T2,4,0.447375167564102,0.39107484820553085,0.5475047874877432,0.846927515212662,0.8271604938271605,0.6105032957530506,0.8981384214683497,162
PB_BL_FT_T2_s05,BL,FT,T2,5,0.42881206300232116,0.37050675366543195,0.5187094551316047,0.8568088077685038,0.845679012345679,0.7244625354956772,0.8332682826602009,162
PB_BL_FT_T2_s06,BL,FT,T2,6,0.4172275880934273,0.3574380735433263,0.5004133029606569,0.7985166872682324,0.6111111111111112,0.42109323182483893,0.8623810105689615,162
PB_BL_FT_T2_s07,BL,FT,T2,7,0.46013747755050793,0.40658418416591097,0.5692178578322753,0.8403312788906009,0.6049382716049383,0.5506250143030846,0.764794033023003,162
PB_BL_FT_T2_s08,BL,FT,T2,8,0.4190347281964062,0.3598003229842178,0.5037204521779048,0.8329199963258933,0.5987654320987654,0.5239041396037656,0.8249597625400461,162
PB_BL_FT_T2_s09,BL,FT,T2,9,0.4069543358496718,0.3457448990339208,0.4840428586474891,0.8249455089625557,0.8765432098765432,0.6241621621521506,0.9859812236976591,162
PB_BL_FT_T2_s10,BL,FT,T2,10,0.3920417841183411,0.32903158670579485,0.46064422138811284,0.8588575378621253,0.8765432098765432,0.5794397563167653,0.7020081843606222,162
PB_BL_FT_T2_s11,BL,FT,T2,11,0.4327859718353782,0.37682153394942697,0.5275501475291977,0.8442147718679103,0.3765432098765432,0.3882409821880297,0.683114426883865,162
PB_BL_FT_T2_s12,BL,FT,T2,12,0.4339338623255451,0.37688791578781183,0.5276430821029365,0.8399573052049978,0.8950617283950617,0.6879738282245572,0.9876813916621098,162
PB_BL_FT_T2_s13,BL,FT,T2,13,0.4397651419391396,0.3831222731769173,0.5363711824476842,0.8466664499561161,0.7962962962962963,0.6508174807450915,0.8839486081843133,162
PB_BL_FT_T2_s14,BL,FT,T2,14,0.37738824665954296,0.31236038785007303,0.43730454299010224,0.8470653411714013,0.808641975308642,0.683594244980522,0.8238994008595657,162
PB_BL_FT_T2_s15,BL,FT,T2,15,0.41624976774180233,0.3563520664995338,0.49889289309934737,0.827551998941834,0.7283950617283951,0.5307809808611278,0.9331776177813188,162
PB_BL_FT_T2_s16,BL,FT,T2,16,0.42865271269216776,0.37042022339495245,0.5185883127529334,0.8129829025351414,0.8209876543209876,0.6587601474609893,0.8277174438576896,162
PB_BL_FT_T2_s17,BL,FT,T2,17,0.43605014629014294,0.3797596578373619,0.5316635209723066,0.8547158574428737,0.8827160493827161,0.8094938468512501,0.5990791650791323,162
PB_BL_FT_T2_s18,BL,FT,T2,18,0.45853825348571253,0.40371893919089746,0.5652065148672565,0.8161720533461492,0.7530864197530864,0.577187827337184,0.9181664882565587,162
PB_BL_FT_T2_s19,BL,FT,T2,19,0.43301857397124743,0.3753269319300849,0.5254577047021187,0.8782223294238248,0.8395061728395061,0.5676567936290082,0.8111469524055002,162
PB_BL_FT_T2_s20,BL,FT,T2,20,0.41109251867822144,0.35273792667468884,0.4938330973445644,0.8416917316309619,0.8827160493827161,0.640125200287676,0.980542769619119,162
PB_PB_FT_T1B_s01,PB,FT,T1B,1,0.4397462850225528,0.38460601783437376,0.5384484249681233,0.6231594492464058,0.30246913580246915,0.25537818270795803,0.5071435105835846,162
PB_PB_FT_T1B_s02,PB,FT,T1B,2,0.41023899375262796,0.3498802535819297,0.48983235501470146,0.6867922531484814,0.018518518518518517,0.07216976935124415,0.07293001948954148,162
PB_PB_FT_T1B_s03,PB,FT,T1B,3,0.4402836651653622,0.38372938915676486,0.5372211448194708,0.7138379760800341,0.018518518518518517,0.06115261474221853,0.06147927797179675,162
PB_PB_FT_T1B_s04,PB,FT,T1B,4,0.4190484400291693,0.36066057486991365,0.5049248048178792,0.6597252271743834,0.037037037037037035,0.09023656954781877,0.13032320665190145,162
PB_PB_FT_T1B_s05,PB,FT,T1B,5,0.4422755740085102,0.38560962446896474,0.5398534742565507,0.6761120428546397,0.07407407407407407,0.11598615292718427,0.232218008061043,162
PB_PB_FT_T1B_s06,PB,FT,T1B,6,0.42373920191075753,0.36383775541882857,0.50937285758636,0.6428254109284762,0.09259259259259259,0.1592028845082911,0.17546635746624498,162
PB_PB_FT_T1B_s07,PB,FT,T1B,7,0.3622143871186269,0.2940773249594969,0.41170825494329566,0.6071911807111328,0.006172839506172839,0.066404632090039,0.02978121129326007,162
PB_PB_FT_T1B_s08,PB,FT,T1B,8,0.4065886656268477,0.3455806378859568,0.4838128930403395,0.6076454033771107,0.19753086419753085,0.15570158148931776,0.5053738390102711,162
PB_PB_FT_T1B_s09,PB,FT,T1B,9,0.47001655609900084,0.41775366908447625,0.5848551367182667,0.6976791324617412,0.24691358024691357,0.20621124541180003,0.5374407352530701,162
PB_PB_FT_T1B_s10,PB,FT,T1B,10,0.45399425075434796,0.39749167108970135,0.556488339525582,0.6276683571175846,0.05555555555555555,0.13638606706323722,0.12841795100664433,162
PB_PB_FT_T1B_s11,PB,FT,T1B,11,0.4467039754567933,0.3901823754236911,0.5462553255931675,0.6948254518445159,0.3395061728395062,0.21176930703079028,0.648952541912444,162
PB_PB_FT_T1B_s12,PB,FT,T1B,12,0.4645814195890767,0.409686950682273,0.5735617309551821,0.6860484705542587,0.19753086419753085,0.19049946660676073,0.44278067183285186,162
PB_PB_FT_T1B_s13,PB,FT,T1B,13,0.43419451972938605,0.37899750888518735,0.5305965124392623,0.6816675942858658,0.2654320987654321,0.19964570700109038,0.6045107388002526,162
PB_PB_FT_T1B_s14,PB,FT,T1B,14,0.4587497195345802,0.40451321028735493,0.566318494402297,0.7011391270958659,0.22839506172839505,0.20383888716596743,0.5288131294329895,162
PB_PB_FT_T1B_s15,PB,FT,T1B,15,0.4295905880359009,0.37280456151668623,0.5219263861233607,0.6395115012997205,0.25308641975308643,0.22696933928980595,0.5210066862214674,162
PB_PB_FT_T1B_s16,PB,FT,T1B,16,0.4596060203438827,0.4041173844953825,0.5657643382935355,0.6545863595236349,0.3148148148148148,0.23105384935200915,0.6306338986442039,162
PB_PB_FT_T1B_s17,PB,FT,T1B,17,0.4450286604472595,0.39071401093698116,0.5469996153117737,0.6660131031514513,0.037037037037037035,0.07494890005873907,0.11675329562611826,162
PB_PB_FT_T1B_s18,PB,FT,T1B,18,0.4559658718806245,0.40118604443580785,0.561660462210131,0.6565805467194248,0.030864197530864196,0.10000899455540262,0.11293581065393458,162
PB_PB_FT_T1B_s19,PB,FT,T1B,19,0.40679963743025455,0.34717894467857446,0.48605052255000425,0.6367600360206644,0.030864197530864196,0.10673141802436914,0.11432039221319212,162
PB_PB_FT_T1B_s20,PB,FT,T1B,20,0.43314912071458045,0.376733484609092,0.5274268784527287,0.6384403019716107,0.25925925925925924,0.24451073556333597,0.5896152542406485,162
PB_PB_FT_T1F4096_s01,PB,FT,T1F4096,1,0.4298067751092181,0.3712911632113691,0.5198076284959168,0.80717353172443,0.6851851851851852,0.512183918136195,0.8817797383161762,162
PB_PB_FT_T1F4096_s02,PB,FT,T1F4096,2,0.42804673268754095,0.3722977652348084,0.5212168713287317,0.8593436618899515,0.5,0.4348440442692753,0.7515564909623272,162
PB_PB_FT_T1F4096_s03,PB,FT,T1F4096,3,0.4371256783183459,0.38128369686064895,0.5337971756049085,0.7897302933799284,0.7654320987654321,0.5381783359068917,0.828032237538415,162
PB_PB_FT_T1F4096_s04,PB,FT,T1F4096,4,0.4357014658199568,0.37882557803122324,0.5303558092437125,0.8494850555888004,0.2962962962962963,0.37451046319494463,0.597352148511236,162
PB_PB_FT_T1F4096_s05,PB,FT,T1F4096,5,0.4289992124425746,0.37355406394896234,0.5229756895285472,0.8076133363751915,0.35802469135802467,0.3705153872785705,0.6692244546377613,162
PB_PB_FT_T1F4096_s06,PB,FT,T1F4096,6,0.39718889539018504,0.33808589125107297,0.47332024775150217,0.8238570579215821,0.25925925925925924,0.34779197066615586,0.5516347126436613,162
PB_PB_FT_T1F4096_s07,PB,FT,T1F4096,7,0.45141519134295294,0.396989218142615,0.555784905399661,0.786367461430575,0.8209876543209876,0.583675635516152,0.9319562395455933,162
PB_PB_FT_T1F4096_s08,PB,FT,T1F4096,8,0.42197858700503543,0.3634618114698006,0.5088465360577208,0.8278540975840833,0.6234567901234568,0.46955285167657873,0.8936843783425554,162
PB_PB_FT_T1F4096_s09,PB,FT,T1F4096,9,0.4337436262044347,0.3773921513207189,0.5283490118490064,0.8129566632155006,0.4506172839506173,0.3992571640661975,0.7620602475249714,162
PB_PB_FT_T1F4096_s10,PB,FT,T1F4096,10,0.40095673094325723,0.3390770128268042,0.47470781795752587,0.7851113047135518,0.5308641975308642,0.48324974558070405,0.8076755143969999,162
PB_PB_FT_T1F4096_s11,PB,FT,T1F4096,11,0.4403601996634509,0.3847522276612287,0.5386531187257201,0.8102000686663129,0.7160493827160493,0.6138468208060928,0.8920825622745028,162
PB_PB_FT_T1F4096_s12,PB,FT,T1F4096,12,0.4301211971661815,0.3723845194027987,0.5213383271639181,0.8330183925422021,0.8518518518518519,0.5247182362442722,0.8644848317726437,162
PB_PB_FT_T1F4096_s13,PB,FT,T1F4096,13,0.4475234096430314,0.3939758659901276,0.5515662123861786,0.8621085627385866,0.6358024691358025,0.4675289300377452,0.8068205080465205,162
PB_PB_FT_T1F4096_s14,PB,FT,T1F4096,14,0.43106795163789546,0.3739055140016361,0.5234677196022905,0.7927046263345195,0.6728395061728395,0.5455055117972172,0.867806917568503,162
PB_PB_FT_T1F4096_s15,PB,FT,T1F4096,15,0.43974069058755283,0.3836720830124391,0.5371409162174148,0.8004304032041127,0.8148148148148148,0.5343163049688928,0.9316862520536169,162
PB_PB_FT_T1F4096_s16,PB,FT,T1F4096,16,0.4435206550711581,0.3871434744327193,0.5420008642058071,0.7408084282949903,0.8024691358024691,0.5484100449175008,0.9082569435012112,162
PB_PB_FT_T1F4096_s17,PB,FT,T1F4096,17,0.4206268486432968,0.360339646783964,0.5044755054975496,0.8180412208439858,0.6358024691358025,0.4766390939116662,0.8588245975225931,162
PB_PB_FT_T1F4096_s18,PB,FT,T1F4096,18,0.45352196066084993,0.4004130849111012,0.5605783188755417,0.7829122340425532,0.6790123456790124,0.5393388392813331,0.8916607691496097,162
PB_PB_FT_T1F4096_s19,PB,FT,T1F4096,19,0.40294305982657025,0.34288979056484414,0.48004570679078185,0.7983783129613942,0.5740740740740741,0.4495925158600001,0.8483627383570063,162
PB_PB_FT_T1F4096_s20,PB,FT,T1F4096,20,0.441334101064876,0.3852465951978135,0.5393452332769388,0.8395061728395061,0.7037037037037037,0.5077051880595527,0.9101194931807821,162
PB_PB_FT_T1F_s01,PB,FT,T1F,1,0.3878918383662419,0.3248968401686811,0.45485557623615347,0.8028701638708426,0.808641975308642,0.6455133303584543,0.7990497307770981,162
PB_PB_FT_T1F_s02,PB,FT,T1F,2,0.3482292277495212,0.2803923846296417,0.3925493384814984,0.8399158400961827,0.037037037037037035,0.2699779537980686,0.1287705075902294,162
PB_PB_FT_T1F_s03,PB,FT,T1F,3,0.28715688546938156,0.2115105624180297,0.29611478738524155,0.6755190157922754,0.04938271604938271,0.19724142127440392,0.16132374788382664,162
PB_PB_FT_T1F_s04,PB,FT,T1F,4,0.4055270339315319,0.34488163262898963,0.4828342856805855,0.8036848792884371,0.8580246913580247,0.6606549221223197,0.7547912391216665,162
PB_PB_FT_T1F_s05,PB,FT,T1F,5,0.35078750518679047,0.28277807361052987,0.3958893030547418,0.8238148126497925,0.5432098765432098,0.45653686880415745,0.8279877656201278,162
PB_PB_FT_T1F_s06,PB,FT,T1F,6,0.39979965897618563,0.3391062998845415,0.47474881983835815,0.827180868004285,0.8888888888888888,0.6303506030357604,0.8999955588998805,162
PB_PB_FT_T1F_s07,PB,FT,T1F,7,0.39774324266371575,0.33567849833951063,0.4699498976753149,0.8428415174716481,0.7345679012345679,0.554504440114316,0.8677654001672064,162
PB_PB_FT_T1F_s08,PB,FT,T1F,8,0.32107762519412686,0.2486702721630612,0.3481383810282857,0.8438871473354232,0.24691358024691357,0.2612465878633817,0.5828077899834572,162
PB_PB_FT_T1F_s09,PB,FT,T1F,9,0.36180724186757396,0.2965127351855005,0.41511782925970064,0.7454627494234433,0.30246913580246915,0.2883455873277314,0.5788590453619117,162
PB_PB_FT_T1F_s10,PB,FT,T1F,10,0.3601551201220832,0.29437489436414666,0.4121248521098054,0.767561779706388,0.2716049382716049,0.31024945746635857,0.6079197905089219,162
PB_PB_FT_T1F_s11,PB,FT,T1F,11,0.29130836645676644,0.21509591551765256,0.30113428172471357,0.8003845481559168,0.3271604938271605,0.3331007422303729,0.6852182863204066,162
PB_PB_FT_T1F_s12,PB,FT,T1F,12,0.42085962113496816,0.3609584593026982,0.5053418430237775,0.8067016896209002,0.47530864197530864,0.43584487264125066,0.7338197494423566,162
PB_PB_FT_T1F_s13,PB,FT,T1F,13,0.3101468152771355,0.23643559874819778,0.3310098382474768,0.8561822936122525,0.7037037037037037,0.5189099236719172,0.8670905248069006,162
PB_PB_FT_T1F_s14,PB,FT,T1F,14,0.2760273148078666,0.19912140528943775,0.27876996740521287,0.7528572792970616,0.1419753086419753,0.26635710521885714,0.3903947018802916,162
PB_PB_FT_T1F_s15,PB,FT,T1F,15,0.39336451985369114,0.33098865845825876,0.4633841218415623,0.7755464011900675,0.3395061728395062,0.35898928082530834,0.6508428966188652,162
PB_PB_FT_T1F_s16,PB,FT,T1F,16,0.4085583273392805,0.3518259461962966,0.4925563246748152,0.847129765067614,0.6851851851851852,0.5188939839732304,0.8532911175097133,162
PB_PB_FT_T1F_s17,PB,FT,T1F,17,0.36686113151266075,0.3033884925818434,0.4247438896145808,0.7117948717948718,0.06790123456790123,0.12189823724717523,0.18476237371731594,162
PB_PB_FT_T1F_s18,PB,FT,T1F,18,0.4091239490615206,0.34874482344698,0.48824275282577195,0.822372581257114,0.8333333333333334,0.5672121760722848,0.9352416610143378,162
PB_PB_FT_T1F_s19,PB,FT,T1F,19,0.39451462686897976,0.33238816425908635,0.46534342996272093,0.8182697266632285,0.7839506172839507,0.5941722169662194,0.8877759431480149,162
PB_PB_FT_T1F_s20,PB,FT,T1F,20,0.418673454130947,0.3592701282968535,0.5029781796155949,0.818491579844047,0.43209876543209874,0.41685116696631375,0.6924862734091478,162
PB_PB_FT_T2_s01,PB,FT,T2,1,0.38835166824953454,0.3269709953529062,0.45775939349406874,0.8384018694622051,0.6728395061728395,0.4915216103947813,0.8583343524808262,162
PB_PB_FT_T2_s02,PB,FT,T2,2,0.4304096706216223,0.37202701757730494,0.5208378246082269,0.8393037974683545,0.5123456790123457,0.42160579497368295,0.8141972489195616,162
PB_PB_FT_T2_s03,PB,FT,T2,3,0.4029515125090453,0.3419007134346178,0.4786609988084649,0.792665631120416,0.41358024691358025,0.3805823145580857,0.7620976702956107,162
PB_PB_FT_T2_s04,PB,FT,T2,4,0.4221836144935902,0.36396751828353097,0.5095545255969434,0.84698033933096,0.8765432098765432,0.6195368668415517,0.9176019099628275,162
PB_PB_FT_T2_s05,PB,FT,T2,5,0.3708928226268036,0.3051893613578085,0.4272651059009319,0.8495195387572069,0.8888888888888888,0.6371349050558495,0.9861754057683034,162
PB_PB_FT_T2_s06,PB,FT,T2,6,0.41362518793990105,0.35390135304143194,0.49546189425800463,0.8226064580914425,0.7839506172839507,0.5030716746537278,0.924476133500762,162
PB_PB_FT_T2_s07,PB,FT,T2,7,0.39922900225266106,0.33724076021324756,0.47213706429854657,0.8270899880618204,0.8209876543209876,0.5845031226813767,0.9313863141784926,162
PB_PB_FT_T2_s08,PB,FT,T2,8,0.4348206725154196,0.37690598806231523,0.5276683832872413,0.8638963019443385,0.7283950617283951,0.48148374091999113,0.9064318979836169,162
PB_PB_FT_T2_s09,PB,FT,T2,9,0.43618140967287333,0.37969020663550807,0.5315662892897114,0.8106910039113429,0.7716049382716049,0.5518995252921876,0.9656604541516401,162
PB_PB_FT_T2_s10,PB,FT,T2,10,0.3916992177716917,0.32934765688913087,0.46108671964478315,0.8632797115938078,0.8765432098765432,0.7667415985669782,0.5906081831695726,162
PB_PB_FT_T2_s11,PB,FT,T2,11,0.40741185016420156,0.3478737787869957,0.487023290301794,0.8181878306878307,0.8888888888888888,0.7565727322096476,0.6428367886106051,162
PB_PB_FT_T2_s12,PB,FT,T2,12,0.4517889987202111,0.39605019786988854,0.554470277017844,0.8386845942005507,0.8641975308641975,0.6784158618527412,0.984291731828938,162
PB_PB_FT_T2_s13,PB,FT,T2,13,0.4258224320234162,0.36869634527000816,0.5161748833780114,0.851943505552873,0.5679012345679012,0.4728671436370164,0.7968129940132305,162
PB_PB_FT_T2_s14,PB,FT,T2,14,0.4087643109075629,0.3484519610151718,0.4878327454212405,0.7977890689371052,0.6358024691358025,0.47523551648532986,0.8069979528283928,162
PB_PB_FT_T2_s15,PB,FT,T2,15,0.4488365876366661,0.39349598069607045,0.5508943729744986,0.835315081807873,0.8641975308641975,0.6837023596180873,0.7341382747178653,162
PB_PB_FT_T2_s16,PB,FT,T2,16,0.3314244237545876,0.2607490275462015,0.36504863856468206,0.7930951314474727,0.7716049382716049,0.5271935227929246,0.9095786345877038,162
PB_PB_FT_T2_s17,PB,FT,T2,17,0.4065239131942328,0.34450278491246733,0.4823038988774543,0.8302477017364658,0.6234567901234568,0.47756478691510973,0.8665322226670016,162
PB_PB_FT_T2_s18,PB,FT,T2,18,0.458562450038738,0.40399620085532345,0.5655946811974528,0.821898867526995,0.845679012345679,0.5864288294669902,0.8516821433482257,162
PB_PB_FT_T2_s19,PB,FT,T2,19,0.39145871547424155,0.3297083079366881,0.4615916311113633,0.8064417282353342,0.8703703703703703,0.6770288236787756,0.9158337126799945,162
PB_PB_FT_T2_s20,PB,FT,T2,20,0.4321988245456621,0.3734824351934075,0.5228754092707705,0.839562786607199,0.845679012345679,0.5944858980221375,0.880380307129778,162
PB_PL_FT_T1B_s01,PL,FT,T1B,1,0.45203591069333493,0.39848126626528796,0.5578737727714032,0.7940858276235124,0.6666666666666666,0.6451743729072112,0.537006687238095,162
PB_PL_FT_T1B_s02,PL,FT,T1B,2,0.46937745536522407,0.41660055049258693,0.5832407706896218,0.7629602948103406,0.24691358024691357,0.2329069384579248,0.5861841735689288,162
PB_PL_FT_T1B_s03,PL,FT,T1B,3,0.4781486457563088,0.4251845621005264,0.595258386940737,0.756968048946295,0.11728395061728394,0.199969400874523,0.30163989084452086,162
PB_PL_FT_T1B_s04,PL,FT,T1B,4,0.4856676290775356,0.4346903793437581,0.5835665310812613,0.7988590102190589,0.35185185185185186,0.32408834172051293,0.632498925871585,162
PB_PL_FT_T1B_s05,PL,FT,T1B,5,0.4554536443180091,0.4028111835048339,0.5639356569067675,0.6214224296769438,0.41358024691358025,0.36656324873300394,0.5306581229089798,162
PB_PL_FT_T1B_s06,PL,FT,T1B,6,0.4575648475343708,0.4041099615493298,0.5657539461690618,0.746392666242003,0.2654320987654321,0.2091845486540905,0.6374213424989653,162
PB_PL_FT_T1B_s07,PL,FT,T1B,7,0.4504815339696519,0.39612233037735084,0.5545712625282911,0.7501221166892809,0.16049382716049382,0.1958806125972101,0.35963398647349026,162
PB_PL_FT_T1B_s08,PL,FT,T1B,8,0.4278401132119549,0.36831934884583367,0.5156470883841672,0.6262003436773477,0.25308641975308643,0.23063012112986964,0.47220103678343067,162
PB_PL_FT_T1B_s09,PL,FT,T1B,9,0.45060431874837015,0.3957476842186696,0.5540467579061374,0.7709825632830113,0.3271604938271605,0.29725194868561955,0.5677507628409454,162
PB_PL_FT_T1B_s10,PL,FT,T1B,10,0.4550542480211644,0.400198405882445,0.560277768235423,0.7154565858825309,0.4444444444444444,0.3968237043364853,0.7331014039706877,162
PB_PL_FT_T1B_s11,PL,FT,T1B,11,0.46771151212141476,0.41434233738735315,0.5330204488128827,0.6568990257533419,0.2654320987654321,0.2415396476636589,0.6165093081391083,162
PB_PL_FT_T1B_s12,PL,FT,T1B,12,0.47858694094352583,0.42499548324026026,0.5949936765363644,0.6877809562729873,0.22839506172839505,0.21413870941902177,0.517477551440504,162
PB_PL_FT_T1B_s13,PL,FT,T1B,13,0.44456673332928465,0.38765619665037104,0.5427186753105194,0.726674824105231,0.38271604938271603,0.3177330415519127,0.6646065524190838,162
PB_PL_FT_T1B_s14,PL,FT,T1B,14,0.5098882582277559,0.46626036312146824,0.5384787940843413,0.6600729551741866,0.5,0.4581910854185368,0.6979582973759416,162
PB_PL_FT_T1B_s15,PL,FT,T1B,15,0.1,0.0,0.0,0.0,0.0,0.017051743308979052,0.0,162
PB_PL_FT_T1B_s16,PL,FT,T1B,16,0.459479204010128,0.40520546589618245,0.5672876522546554,0.6860612696911629,0.2839506172839506,0.2193883323235679,0.5486487842757336,162
PB_PL_FT_T1B_s17,PL,FT,T1B,17,0.43761978532245366,0.3822002756264407,0.535080385877017,0.6645792186521509,0.5987654320987654,0.44848984075486686,0.7820180697850204,162
PB_PL_FT_T1B_s18,PL,FT,T1B,18,0.1,0.0,0.0,0.0,0.0,0.04716544278701882,0.0,162
PB_PL_FT_T1B_s19,PL,FT,T1B,19,0.45097312348414925,0.39527633168996085,0.5533868643659452,0.7309865726579916,0.22839506172839505,0.2093734536197807,0.533171979480236,162
PB_PL_FT_T1B_s20,PL,FT,T1B,20,0.1,0.0,0.0,0.0,0.0,0.00999810067465368,0.0,162
PB_PL_FT_T1F_s01,PL,FT,T1F,1,0.41608398835702787,0.35817877705972234,0.5014502878836113,0.8537845278233165,0.7654320987654321,0.5572699682706576,0.9410901231598306,162
PB_PL_FT_T1F_s02,PL,FT,T1F,2,0.41008429625691906,0.35206991413672667,0.4928978797914173,0.7978830500186959,0.8827160493827161,0.6673444406974509,0.8849684408321931,162
PB_PL_FT_T1F_s03,PL,FT,T1F,3,0.38022431945905477,0.3167638059041949,0.4434693282658729,0.8530816730746825,0.5370370370370371,0.4449826402867782,0.8491132787851683,162
PB_PL_FT_T1F_s04,PL,FT,T1F,4,0.38861445767985325,0.32481244598035147,0.45473742437249204,0.7942427597459355,0.5740740740740741,0.4725517058686819,0.8292820800404372,162
PB_PL_FT_T1F_s05,PL,FT,T1F,5,0.41710225182912747,0.3584726507820469,0.5018617110948657,0.7772073228399649,0.8827160493827161,0.6722908905738919,0.931154230581974,162
PB_PL_FT_T1F_s06,PL,FT,T1F,6,0.428869958842151,0.3721091912519277,0.5209528677526988,0.8279750016107209,0.8765432098765432,0.6186283045573402,0.908272219498774,162
PB_PL_FT_T1F_s07,PL,FT,T1F,7,0.3724180251494545,0.3110973953682191,0.4355363535155068,0.7276510604241697,0.4876543209876543,0.41655440271773125,0.8250911789231804,162
PB_PL_FT_T1F_s08,PL,FT,T1F,8,0.4381128174930024,0.38494451494614695,0.5389223209246057,0.7193575020640997,0.691358024691358,0.5167678991267256,0.8537110174003917,162
PB_PL_FT_T1F_s09,PL,FT,T1F,9,0.2797263071230878,0.20371756797227922,0.2852045951611909,0.8471676863604541,0.4567901234567901,0.4339437404094856,0.6633270944867019,162
PB_PL_FT_T1F_s10,PL,FT,T1F,10,0.3586236859229633,0.2921900358588635,0.4090660502024089,0.8119957790107908,0.8765432098765432,0.6483190164399725,0.9785399296850726,162
PB_PL_FT_T1F_s11,PL,FT,T1F,11,0.42566006290198016,0.3671428373928046,0.5139999723499264,0.8319411356714213,0.8395061728395061,0.6332902050002932,0.8938051981159908,162
PB_PL_FT_T1F_s12,PL,FT,T1F,12,0.4219773828133069,0.3628156002976032,0.5079418404166445,0.8326719786673439,0.7345679012345679,0.5009279848115208,0.880757622960126,162
PB_PL_FT_T1F_s13,PL,FT,T1F,13,0.4110796232111025,0.35115621890748994,0.4916187064704859,0.8046305389399756,0.8765432098765432,0.7078987259022894,0.9575820305971733,162
PB_PL_FT_T1F_s14,PL,FT,T1F,14,0.4018101045656762,0.34070146143748176,0.4769820460124745,0.8316099964344754,0.7345679012345679,0.4851163916958476,0.9551680992425587,162
PB_PL_FT_T1F_s15,PL,FT,T1F,15,0.3532713792508091,0.28804871323788245,0.4032681985330354,0.7287121170901573,0.7345679012345679,0.5448889897713713,0.872984310693315,162
PB_PL_FT_T1F_s16,PL,FT,T1F,16,0.38113945570575414,0.31688268949627424,0.4436357652947839,0.8147281118319845,0.5925925925925926,0.46767490426147423,0.6934095473163006,162
PB_PL_FT_T1F_s17,PL,FT,T1F,17,0.44192011489978517,0.3860311890912366,0.5404436647277313,0.7945335643619698,0.8765432098765432,0.6500026605326975,0.8228641571442825,162
PB_PL_FT_T1F_s18,PL,FT,T1F,18,0.37550438017558924,0.3107624956658264,0.4350674939321569,0.8284832597803364,0.5679012345679012,0.45599530317193976,0.8321745602121936,162
PB_PL_FT_T1F_s19,PL,FT,T1F,19,0.3913258327189438,0.3314896920993077,0.4640855689390308,0.8307533225875126,0.5061728395061729,0.44671579389717936,0.7644183565545969,162
PB_PL_FT_T1F_s20,PL,FT,T1F,20,0.4190395099306796,0.36057682235992544,0.5048075513038955,0.8316438959894227,0.8827160493827161,0.5525007279586898,0.9742705952424127,162
PB_PL_FT_T2_s01,PL,FT,T2,1,0.4156256088677937,0.3570878880784078,0.499923043309771,0.8100086510946962,0.8703703703703703,0.5923349287819561,0.8666118080141791,162
PB_PL_FT_T2_s02,PL,FT,T2,2,0.4329403682138031,0.3778093624918416,0.5289331074885782,0.8525099524225653,0.9012345679012346,0.6023217196760262,0.7983114421498329,162
PB_PL_FT_T2_s03,PL,FT,T2,3,0.4171066451772276,0.35983121133384227,0.5037636958673792,0.8111446609936865,0.7962962962962963,0.4973598625949285,0.8953905856885811,162
PB_PL_FT_T2_s04,PL,FT,T2,4,0.46043200475161256,0.40640085927097974,0.5689612029793716,0.8388195962453389,0.8827160493827161,0.6719484088614003,0.9867320310771025,162
PB_PL_FT_T2_s05,PL,FT,T2,5,0.4255400611926085,0.36975846479797314,0.5176618507171624,0.862782859894078,0.5679012345679012,0.44504618658817136,0.8827705862352943,162
PB_PL_FT_T2_s06,PL,FT,T2,6,0.3963035717931697,0.3338971275369757,0.46745597855176596,0.8517210377600822,0.8641975308641975,0.6377010636663468,0.9780542919527302,162
PB_PL_FT_T2_s07,PL,FT,T2,7,0.379995458434703,0.31620793161235977,0.44269110425730374,0.866582348767622,0.8209876543209876,0.5019415656448406,0.8781917328597241,162
PB_PL_FT_T2_s08,PL,FT,T2,8,0.39942082710735655,0.3380914054895131,0.4733279676853183,0.8051896881684115,0.6481481481481481,0.5300571399139575,0.7593201617031474,162
PB_PL_FT_T2_s09,PL,FT,T2,9,0.43120447737125167,0.3729083095142586,0.5220716333199621,0.8265342319971621,0.4074074074074074,0.373211461241518,0.768227133600765,162
PB_PL_FT_T2_s10,PL,FT,T2,10,0.40582587168737183,0.34510985495316554,0.4831537969344317,0.8553004900696415,0.8888888888888888,0.5535695261663662,0.18503021798407965,162
PB_PL_FT_T2_s11,PL,FT,T2,11,0.3962090984170173,0.3348064842965521,0.4687290780151729,0.8528653902606086,0.8765432098765432,0.6453735952646964,0.8503986433816513,162
PB_PL_FT_T2_s12,PL,FT,T2,12,0.41256222986362723,0.3530359278145777,0.4942502989404088,0.8031719954505244,0.8765432098765432,0.6621174128337804,0.8440050281534559,162
PB_PL_FT_T2_s13,PL,FT,T2,13,0.3970110971746633,0.3349539931710944,0.4689355904395322,0.834309489518323,0.8888888888888888,0.6181577722046864,0.9257357928577431,162
PB_PL_FT_T2_s14,PL,FT,T2,14,0.41654133776422764,0.358525324644419,0.5019354545021866,0.8161510421534723,0.6975308641975309,0.540961314667202,0.8564094522363076,162
PB_PL_FT_T2_s15,PL,FT,T2,15,0.42859731823234015,0.37130893459710207,0.5198325084359429,0.8624525916561315,0.8765432098765432,0.6510566369521975,0.5724262035910922,162
PB_PL_FT_T2_s16,PL,FT,T2,16,0.39074928139149295,0.32724099836601583,0.4581373977124222,0.8711866597724922,0.8518518518518519,0.5727272555317383,0.9821637494736446,162
PB_PL_FT_T2_s17,PL,FT,T2,17,0.4333354055730576,0.3747789000470894,0.5246904600659251,0.8180125049886923,0.8888888888888888,0.664444877664389,0.6930550257827965,162
PB_PL_FT_T2_s18,PL,FT,T2,18,0.4080828787797521,0.348844702290088,0.4883825832061232,0.8741883880681284,0.8765432098765432,0.6522084020805239,0.9859806127524369,162
PB_PL_FT_T2_s19,PL,FT,T2,19,0.390645367535823,0.3272667245405282,0.4581734143567394,0.7454291559770078,0.43209876543209874,0.4159338594247935,0.7100229700268434,162
PB_PL_FT_T2_s20,PL,FT,T2,20,0.27130938369410507,0.19352004313012053,0.2709280603821687,0.8373315806769636,0.6172839506172839,0.4449112429085941,0.8479396613714045,162
PB_RB_FT_T2_s01,RB,FT,T2,1,0.25094176018927505,0.17300320765817484,0.24220449072144476,0.6598275079437131,0.38271604938271603,0.35436347841405896,0.7143596334842225,162
PB_RB_FT_T2_s02,RB,FT,T2,2,0.20970574262954988,0.1296069044702161,0.18144966625830253,0.6702910310505247,0.5864197530864198,0.4958450457226359,0.8827604860939919,162
PB_RB_FT_T2_s03,RB,FT,T2,3,0.15590615032790298,0.06487693022741825,0.09082770231838555,0.5619828964750052,0.2222222222222222,0.28617090830560715,0.5179816795605623,162
PB_RB_FT_T2_s04,RB,FT,T2,4,0.2625488183263704,0.19047336418086339,0.2666627098532088,0.7007994011175575,0.5864197530864198,0.49513021749760494,0.8047136363587571,162
PB_RB_FT_T2_s05,RB,FT,T2,5,0.1823958604218075,0.09456799881362564,0.1323951983390759,0.6967741935483871,0.4876543209876543,0.4353781060033972,0.7032256162168034,162
PB_RB_FT_T2_s06,RB,FT,T2,6,0.2352313719238591,0.1542906939061714,0.21600697146863992,0.71249282257403,0.41358024691358025,0.3685001266258266,0.7397187728821524,162
PB_RB_FT_T2_s07,RB,FT,T2,7,0.20721690110715896,0.12306445727063312,0.17229024017888633,0.7559877743817727,0.1728395061728395,0.2387421552128127,0.4403782408647793,162
PB_RB_FT_T2_s08,RB,FT,T2,8,0.27536748374196524,0.204057547556955,0.28568056657973695,0.6877994251038007,0.7037037037037037,0.5047659703916985,0.8148571084813019,162
PB_RB_FT_T2_s09,RB,FT,T2,9,0.16016526937259978,0.07156561354124226,0.10019185895773917,0.557131100841932,0.7222222222222222,0.497914980188656,0.8338636221676913,162
PB_RB_FT_T2_s10,RB,FT,T2,10,0.2325579168760171,0.15274127682337002,0.21383778755271804,0.6790323008028829,0.30246913580246915,0.2580696786462795,0.6039941744615213,162
